group	index	api	address	export	wrapper	vendor_stubs
SYSCALL	0	0x10000	0xc0020bb0	CP0_vEnableIM	CP0_vEnableIM	
SYSCALL	1	0x10001	0xc0012b30	OS_Sched	OS_Sched	LIBC_SYS.KO@0xc3c0c058
SYSCALL	2	0x10002	0xc00127c8	OSSchedLock	OSSchedLock	GUI.SO@0x40c26230, LIBC_SYS.KO@0xc3c0c0a0, LIBEMU.SO@0x50804c6c, LIBG1.SO@0x514cfc98, LIBMMMFP.SO@0x5050c514, LIBP1.SO@0x51472918, LIBSG1.SO@0x514ae39c, LIBSG2.SO@0x514b5c38, LIBSG3.SO@0x514a2d54, MSC.KO@0xc4805e94, PM.KO@0xc10050ec, UHC.KO@0xc8008088, anim_off.app@0x60c02f04, anim_on.app@0x60c02fa4, browser.app@0x6400becc, calculat.app@0x65808580, calendar.app@0x65c06c00, calibrat.app@0x64c02bc0, camera.app@0x6801d048, config.app@0x69c059cc, dict.app@0x66007d54, ebook.app@0x67818e8c, emulator.app@0x6880ed18, flash.app@0x70005dec, fmengine.app@0x68c021cc, launcher.app@0x664043dc, launcher_F15.app@0x66402ffc, launcher_RK.app@0x66402c5c, launcher_flashgame.app@0x664043dc, launcher_nor.app@0x66402c3c, launcher_s480272.app@0x66402c3c, launcher_style_59.app@0x664045dc, m_engine.app@0x6900611c, manager.app@0x6000230c, msg_serv.app@0x6940863c, music.app@0x64820100, photo.app@0x67c18b48, pl_gener.app@0x60403360, radio.app@0x6440f5ec, recorder.app@0x67408060, setting.app@0x67012e48, tvoffset.app@0x68802e18, usb.app@0x62c3ae58, video.app@0x66c238e0, watch.app@0x66004c00
SYSCALL	3	0x10003	0xc0012c30	OSSchedUnlock	OSSchedUnlock	GUI.SO@0x40c2623c, LIBC_SYS.KO@0xc3c0c0f4, LIBEMU.SO@0x50804c78, LIBG1.SO@0x514cfca4, LIBMMMFP.SO@0x5050c520, LIBP1.SO@0x51472924, LIBSG1.SO@0x514ae3a8, LIBSG2.SO@0x514b5c44, LIBSG3.SO@0x514a2d60, PM.KO@0xc1005128, UHC.KO@0xc8008094, anim_off.app@0x60c02f10, anim_on.app@0x60c02fb0, browser.app@0x6400bed8, calculat.app@0x6580858c, calendar.app@0x65c06c0c, calibrat.app@0x64c02bcc, camera.app@0x6801d054, config.app@0x69c059d8, dict.app@0x66007d60, ebook.app@0x67818e98, emulator.app@0x6880ed24, flash.app@0x70005df8, fmengine.app@0x68c021d8, launcher.app@0x664043e8, launcher_F15.app@0x66403008, launcher_RK.app@0x66402c68, launcher_flashgame.app@0x664043e8, launcher_nor.app@0x66402c48, launcher_s480272.app@0x66402c48, launcher_style_59.app@0x664045e8, m_engine.app@0x69006128, manager.app@0x60002318, msg_serv.app@0x69408648, music.app@0x6482010c, photo.app@0x67c18b54, pl_gener.app@0x6040336c, radio.app@0x6440f5f8, recorder.app@0x6740806c, setting.app@0x67012e54, tvoffset.app@0x68802e24, usb.app@0x62c3ae64, video.app@0x66c238ec, watch.app@0x66004c0c
SYSCALL	4	0x10004	0xc00158e8	OSTaskCreate	OSTaskCreate	MSC.KO@0xc4805ed0, UCORE.KO@0xc7c052ec, UVC.KO@0xc4c042b4
SYSCALL	5	0x10005	0xc0015a68	-	x7_syscall_005	LIBC_SYS.KO@0xc3c0c124
SYSCALL	6	0x10006	0xc0015e64	OSTaskDel	OSTaskDel	MSC.KO@0xc4805f30, UCORE.KO@0xc7c05310, UVC.KO@0xc4c042e4
SYSCALL	7	0x10007	0xc0016088	-	x7_syscall_007	LIBC_SYS.KO@0xc3c0c154
SYSCALL	8	0x10008	0xc00161f4	OSTaskDelReq	OSTaskDelReq	
SYSCALL	9	0x10009	0xc00154f8	OSTaskChangePrio	OSTaskChangePrio	LIBC_SYS.KO@0xc3c0c160
SYSCALL	10	0x1000a	0xc00162a8	OSTaskResume	OSTaskResume	LIBC_SYS.KO@0xc3c0c1c0, MSC.KO@0xc4805f3c, UVC.KO@0xc4c042f0
SYSCALL	11	0x1000b	0xc00164a8	OSTaskSuspend	OSTaskSuspend	LIBC_SYS.KO@0xc3c0c1d8, MSC.KO@0xc4805f48, PM.KO@0xc100514c, UVC.KO@0xc4c042fc
SYSCALL	12	0x1000c	0xc0015778	OSTaskCreateExt	OSTaskCreateExt	
SYSCALL	13	0x1000d	0xc00165d8	OSTaskQuery	OSTaskQuery	LIBC_SYS.KO@0xc3c0c040
SYSCALL	14	0x1000e	0xc0012e3c	OS_Getidfromprio	OS_Getidfromprio	SQLITE.SO@0x424490f8
SYSCALL	15	0x1000f	0xc0012e68	OS_GetTaskID	OS_GetTaskID	SQLITE.SO@0x42449104
SYSCALL	16	0x10010	0xc00168c0	OSTimeDly	OSTimeDly	CARD.KO@0xd4807090, FB.KO@0xc2c09a20, LCD.KO@0xd44016a8, LIBC_SYS.KO@0xc3c0c04c, MSC.KO@0xc4805e58, PM.KO@0xc10050e0, RTC.KO@0xd7000af4, SQLITE.SO@0x42449110, UCORE.KO@0xc7c052b0, UDC.KO@0xc4406dd4, UVC.KO@0xc4c042a8, photo.app@0x67c18b3c
SYSCALL	17	0x10011	0xc0016960	OSTimeDlyResume	OSTimeDlyResume	
SYSCALL	18	0x10012	0xc0016a44	OSTimeGet	OSTimeGet	GUI.SO@0x40c26224
SYSCALL	19	0x10013	0xc0016a78	OSTimeSet	OSTimeSet	
SYSCALL	20	0x10014	0xc0013a5c	OSQAccept	OSQAccept	LIBC_SYS.KO@0xc3c0c064, MSC.KO@0xc4805e64
SYSCALL	21	0x10015	0xc0013ba4	OSQCreate	OSQCreate	LIBC_SYS.KO@0xc3c0c070, MSC.KO@0xc4805e70
SYSCALL	22	0x10016	0xc0013cf8	OSQDel	OSQDel	LIBC_SYS.KO@0xc3c0c07c, MSC.KO@0xc4805e7c
SYSCALL	23	0x10017	0xc0013ee0	OSQFlush	OSQFlush	
SYSCALL	24	0x10018	0xc0013fa8	OSQPend	OSQPend	LIBC_SYS.KO@0xc3c0c088
SYSCALL	25	0x10019	0xc00141b8	OSQPost	OSQPost	MSC.KO@0xc4805e88
SYSCALL	26	0x1001a	0xc00142ec	OSQPostByPrio	OSQPostByPrio	LIBC_SYS.KO@0xc3c0c094
SYSCALL	27	0x1001b	0xc0014568	OSQPostISR	OSQPostISR	
SYSCALL	28	0x1001c	0xc0014cec	OSSemAccept	OSSemAccept	LIBC_SYS.KO@0xc3c0c0ac, USB_STOR.KO@0xc78045ec
SYSCALL	29	0x1001d	0xc0014dc8	OSSemCreate	OSSemCreate	CARD.KO@0xd480709c, FB.KO@0xc2c09a2c, FS.KO@0xc0812328, GPU.KO@0xca800bd8, HANTRO.KO@0xcb400c8c, HDMI_MOT.KO@0xcac02608, LIBC_SYS.KO@0xc3c0c0b8, MFP.KO@0xcb802ac8, MISC.KO@0xc5c0051c, MSC.KO@0xc4805ea0, PM.KO@0xc10050f8, TVOUT.KO@0xc240119c, UCORE.KO@0xc7c052bc, USB_STOR.KO@0xc78045f8, VIDEO_IN.KO@0xd6004b34, WATCHDOG.KO@0xca000ab0
SYSCALL	30	0x1001e	0xc0014ed4	OSSemDel	OSSemDel	CARD.KO@0xd48070a8, FB.KO@0xc2c09a38, FS.KO@0xc0812334, GPU.KO@0xca800be4, HANTRO.KO@0xcb400c98, HDMI_MOT.KO@0xcac02614, LIBC_SYS.KO@0xc3c0c0c4, MFP.KO@0xcb802ad4, MISC.KO@0xc5c00528, MSC.KO@0xc4805eac, PM.KO@0xc1005104, TVOUT.KO@0xc24011a8, UCORE.KO@0xc7c052c8, USB_STOR.KO@0xc7804604, VIDEO_IN.KO@0xd6004b40, WATCHDOG.KO@0xca000abc
SYSCALL	31	0x1001f	0xc00150ec	OSSemPend	OSSemPend	CARD.KO@0xd48070b4, FB.KO@0xc2c09a44, FS.KO@0xc0812340, GPU.KO@0xca800bf0, HANTRO.KO@0xcb400ca4, HDMI_MOT.KO@0xcac02620, LIBC_SYS.KO@0xc3c0c0d0, MFP.KO@0xcb802ae0, MISC.KO@0xc5c00534, MSC.KO@0xc4805eb8, PM.KO@0xc1005110, TVOUT.KO@0xc24011b4, UCORE.KO@0xc7c052d4, USB_STOR.KO@0xc7804610, VIDEO_IN.KO@0xd6004b4c, WATCHDOG.KO@0xca000ac8
SYSCALL	32	0x10020	0xc001532c	OSSemPost	OSSemPost	CARD.KO@0xd48070c0, FB.KO@0xc2c09a50, FS.KO@0xc081234c, GPU.KO@0xca800bfc, HANTRO.KO@0xcb400cb0, HDMI_MOT.KO@0xcac0262c, LIBC_SYS.KO@0xc3c0c0dc, MFP.KO@0xcb802aec, MISC.KO@0xc5c00540, MSC.KO@0xc4805ec4, PM.KO@0xc100511c, TVOUT.KO@0xc24011c0, UCORE.KO@0xc7c052e0, USB_STOR.KO@0xc780461c, VIDEO_IN.KO@0xd6004b58, WATCHDOG.KO@0xca000ad4
SYSCALL	33	0x10021	0xc001544c	OSSemQuery	OSSemQuery	CARD.KO@0xd48070cc, LIBC_SYS.KO@0xc3c0c0e8, MFP.KO@0xcb802af8
SYSCALL	34	0x10022	0xc0012f94	OSFlagAccept	OSFlagAccept	
SYSCALL	35	0x10023	0xc0013154	OSFlagCreate	OSFlagCreate	SNDRV.KO@0xc68049ac
SYSCALL	36	0x10024	0xc0013378	OSFlagDel	OSFlagDel	SNDRV.KO@0xc68049b8
SYSCALL	37	0x10025	0xc00134ec	OSFlagPend	OSFlagPend	SNDRV.KO@0xc68049c4
SYSCALL	38	0x10026	0xc00137d8	OSFlagPost	OSFlagPost	SNDRV.KO@0xc68049d0
SYSCALL	39	0x10027	0xc00139d8	OSFlagQuery	OSFlagQuery	
SYSCALL	40	0x10028	0xc0006f94	api_install	api_install	APCONFIG.SO@0x41403460, GUI.SO@0x40c26248, IPP.SO@0x5480ec00, LIBALC.SO@0x4e00122c, LIBC_FS.SO@0x40403aa4, LIBC_SYS.KO@0xc3c0c100, LIBF1.SO@0x5141ab68, LIBG1.SO@0x514cfcb0, LIBGB1.SO@0x51410ebc, LIBM1.SO@0x5149f160, LIBMMMCR.SO@0x4ec3b058, LIBMMMDC.SO@0x4f40db9c, LIBMMMDV.SO@0x4ec17a80, LIBMMMID.SO@0x4f0093e8, LIBMMMMP.SO@0x4f8056ec, LIBMMMMR.SO@0x4fc04220, LIBMMMVP.SO@0x4e816c64, LIBP1.SO@0x51472930, LIBSFC.SO@0x514ad000, LIBSG1.SO@0x514ae3b4, LIBSG2.SO@0x514b5c50, LIBSG3.SO@0x514a2d6c, LIBSOUND.SO@0x4e40fb3c, MFP.KO@0xcb802b04, MLANG.SO@0x42003384, MNAVI.SO@0x41c06a60, PLAYLIST.SO@0x42818508, SQLITE.SO@0x4244911c
SYSCALL	41	0x10029	0xc0007014	api_uninstall	api_uninstall	APCONFIG.SO@0x4140346c, GUI.SO@0x40c26254, IPP.SO@0x5480ec0c, LIBALC.SO@0x4e001238, LIBC_FS.SO@0x40403ab0, LIBC_SYS.KO@0xc3c0c10c, LIBF1.SO@0x5141ab74, LIBG1.SO@0x514cfcbc, LIBGB1.SO@0x51410ec8, LIBM1.SO@0x5149f16c, LIBMMMCR.SO@0x4ec3b064, LIBMMMDC.SO@0x4f40dba8, LIBMMMDV.SO@0x4ec17a8c, LIBMMMID.SO@0x4f0093f4, LIBMMMMP.SO@0x4f8056f8, LIBMMMMR.SO@0x4fc0422c, LIBMMMVP.SO@0x4e816c70, LIBP1.SO@0x5147293c, LIBSFC.SO@0x514ad00c, LIBSG1.SO@0x514ae3c0, LIBSG2.SO@0x514b5c5c, LIBSG3.SO@0x514a2d78, LIBSOUND.SO@0x4e40fb48, MFP.KO@0xcb802b10, MLANG.SO@0x42003390, MNAVI.SO@0x41c06a6c, PLAYLIST.SO@0x42818514, SQLITE.SO@0x42449128
SYSCALL	42	0x1002a	0xc0011e40	-	x7_syscall_042	
SYSCALL	43	0x1002b	0xc0011e40	-	x7_syscall_043	
SYSCALL	44	0x1002c	0xc0011e40	-	x7_syscall_044	
SYSCALL	45	0x1002d	0xc0011e40	-	x7_syscall_045	
SYSCALL	46	0x1002e	0xc0011e40	-	x7_syscall_046	
SYSCALL	47	0x1002f	0xc0011e40	-	x7_syscall_047	
SYSCALL	48	0x10030	0xc0011e40	-	x7_syscall_048	
SYSCALL	49	0x10031	0xc0011e40	-	x7_syscall_049	
SYSCALL	50	0x10032	0xc0011000	printf	x7_printf	ADAAC.SO@0x530173fc, ADAC3.SO@0x530080cc, ADACELP.SO@0x53008f0c, ADAIFF.SO@0x53003c20, ADAMR.SO@0x5300eb4c, ADAPE.SO@0x530068e4, ADCOOK.SO@0x530061c0, ADDTS.SO@0x530061d4, ADFLAC.SO@0x53007328, ADMP3.SO@0x53008d64, ADMPC.SO@0x530062a8, ADOGG.SO@0x5300c1ac, ADPCM.SO@0x53003ec4, ADWMALSL.SO@0x5300f9a4, ADWMAPRO.SO@0x5305b48c, ADWMASTD.SO@0x53012654, AEWMA.SO@0x53816594, ALARM.KO@0xca40449c, APAAC.SO@0x534017ac, APAC3.SO@0x53401e4c, APAMR.SO@0x53400758, APAPE.SO@0x53401c24, APCONFIG.SO@0x41403478, APMP3.SO@0x53402fa4, APOGG.SO@0x53403704, APRMA.SO@0x53402530, APWAV.SO@0x53400fcc, APWMA.SO@0x534067c0, APWMAPRO.SO@0x53405910, AVD_AVI.SO@0x5280aa2c, AVD_FLV.SO@0x52804c14, AVD_MKV.SO@0x5280aa7c, AVD_MP4.SO@0x5280b264, AVD_MPG.SO@0x52808ce8, AVD_OGM.SO@0x5280f78c, AVD_RM.SO@0x52819c10, AVD_WMV.SO@0x52808494, AVE_AVI.SO@0x52c05214, CARD.KO@0xd48070d8, CHARGE.KO@0xd5c01724, FB.KO@0xc2c09a5c, FFT.KO@0xc9022870, FM.KO@0xd5401ff4, FONT2.SO@0x44002b50, FS.KO@0xc0812358, GPU.KO@0xca800c08, GUI.SO@0x40c26260, HDMI.KO@0xc98023f8, HDMI_MOT.KO@0xcac02638, ID_BMP.SO@0x54c0327c, ID_GIF.SO@0x54c043a0, ID_JPG.SO@0x54c12684, ID_PNG.SO@0x54c092a0, ID_TIF.SO@0x54c0a4c0, IE_JPG.SO@0x550115a0, IPP.SO@0x5480ec18, KERNINFO.KO@0xc6c0054c, KEY.KO@0xd400144c, LCD.KO@0xd44016b4, LIBALC.SO@0x4e001244, LIBC_FS.SO@0x40403abc, LIBC_SYS.KO@0xc3c0c118, LIBEMU.SO@0x50804c84, LIBF1.SO@0x5141ab80, LIBG1.SO@0x514cfcc8, LIBGB1.SO@0x51410ed4, LIBM1.SO@0x5149f178, LIBMINFO.SO@0x51004bf4, LIBMMMCR.SO@0x4ec3b070, LIBMMMDC.SO@0x4f40dbb4, LIBMMMDV.SO@0x4ec17a98, LIBMMMID.SO@0x4f009400, LIBMMMMR.SO@0x4fc04238, LIBP1.SO@0x51472948, LIBSFC.SO@0x514ad018, LIBSG1.SO@0x514ae3cc, LIBSG2.SO@0x514b5c68, LIBSG3.SO@0x514a2d84, LIBSOUND.SO@0x4e40fb54, MFP.KO@0xcb802b1c, MLANG.SO@0x4200339c, MNAVI.SO@0x41c06a78, MSC.KO@0xc4805edc, OEM.KO@0xc9c01544, PLAYLIST.SO@0x42818520, PM.KO@0xc1005134, SHUTOFF.KO@0xd6c00580, SND_CFG.KO@0xcb001398, SQLITE.SO@0x42449134, TP.KO@0xd6404aec, TVOUT.KO@0xc24011cc, UCORE.KO@0xc7c052f8, UDC.KO@0xc4406de0, UHC.KO@0xc80080a0, UMONITOR.KO@0xc2806e0c, USB_STOR.KO@0xc7804628, UVC.KO@0xc4c042c0, UVIEW.KO@0xc8801170, VD_FLV1.SO@0x53c03f60, VD_H263.SO@0x53c0826c, VD_H264.SO@0x53c14980, VD_MISC.SO@0x53cea06c, VD_MJPG.SO@0x53c07500, VD_MPEG.SO@0x53c0fc60, VD_MSM4.SO@0x53c090c0, VD_RV34.SO@0x53c0ca40, VD_RVG2.SO@0x53c0fdc0, VD_VP3T.SO@0x53c0c220, VD_VP6.SO@0x53c1d74c, VD_WMV8.SO@0x53c17d40, VD_WMV9.SO@0x53c0aa40, VD_XVID.SO@0x53c12d80, VE_XVID.SO@0x5440ec5c, VIDEO_IN.KO@0xd6004b64, VRAM.KO@0xc140253c, WATCHDOG.KO@0xca000ae0, anim_off.app@0x60c02f1c, anim_on.app@0x60c02fbc, browser.app@0x6400bee4, calculat.app@0x65808598, calendar.app@0x65c06c18, calibrat.app@0x64c02bd8, camera.app@0x6801d060, config.app@0x69c059e4, dict.app@0x66007d6c, ebook.app@0x67818ea4, emulator.app@0x6880ed30, flash.app@0x70005e04, fmengine.app@0x68c021e4, launcher.app@0x664043f4, launcher_F15.app@0x66403014, launcher_RK.app@0x66402c74, launcher_flashgame.app@0x664043f4, launcher_nor.app@0x66402c54, launcher_s480272.app@0x66402c54, launcher_style_59.app@0x664045f4, m_engine.app@0x69006134, manager.app@0x60002324, msg_serv.app@0x69408654, music.app@0x64820118, photo.app@0x67c18b60, pl_gener.app@0x60403378, radio.app@0x6440f604, recorder.app@0x67408078, setting.app@0x67012e60, tvoffset.app@0x68802e30, usb.app@0x62c3ae70, video.app@0x66c238f8, watch.app@0x66004c18
SYSCALL	51	0x10033	0xc000fe78	serial_getc	serial_getc	
SYSCALL	52	0x10034	0xc000fc8c	reset_baudrate	reset_baudrate	
SYSCALL	53	0x10035	0xc0003958	mdelay	mdelay	CARD.KO@0xd48070e4, FM.KO@0xd5402000, KEY.KO@0xd4001458, LCD.KO@0xd44016c0, MFP.KO@0xcb802b28, MSC.KO@0xc4805ee8, SNDRV.KO@0xc68049dc, SND_CFG.KO@0xcb0013a4, TVOUT.KO@0xc24011d8, UCORE.KO@0xc7c05304, UDC.KO@0xc4406dec, UHC.KO@0xc80080ac, UMONITOR.KO@0xc2806e18, VIDEO_IN.KO@0xd6004b70, config.app@0x69c059f0, photo.app@0x67c18b6c
SYSCALL	54	0x10036	0xc00039bc	udelay	udelay	CARD.KO@0xd48070f0, FB.KO@0xc2c09a68, FM.KO@0xd540200c, GSENSOR.KO@0xc600136c, HDMI.KO@0xc9802404, HDMI_MOT.KO@0xcac02644, LCD.KO@0xd44016cc, MFP.KO@0xcb802b34, MSC.KO@0xc4805ef4, PM.KO@0xc1005140, TP.KO@0xd6404af8, UDC.KO@0xc4406df8, UHC.KO@0xc80080b8, UMONITOR.KO@0xc2806e24, VIDEO_IN.KO@0xd6004b7c
SYSCALL	55	0x10037	0xc000f348	rand	x7_rand	OEM.KO@0xc9c01550
SYSCALL	56	0x10038	0xc0006440	get_count	get_count	LIBF1.SO@0x5141ab8c, LIBGB1.SO@0x51410ee0, LIBSG1.SO@0x514ae3d8, LIBSG2.SO@0x514b5c74, LIBSG3.SO@0x514a2d90, SQLITE.SO@0x42449140, usb.app@0x62c3ae7c
SYSCALL	57	0x10039	0xc00064a4	get_c0_count	get_c0_count	GUI.SO@0x40c2626c, MLANG.SO@0x420033a8, SQLITE.SO@0x4244914c
SYSCALL	58	0x1003a	0xc000c7b4	malloc	x7_malloc	ALARM.KO@0xca4044a8, APCONFIG.SO@0x41403484, AVE_AVI.SO@0x52c05220, FB.KO@0xc2c09a74, FONT2.SO@0x44002b5c, GUI.SO@0x40c26278, ID_PNG.SO@0x54c092ac, ID_TIF.SO@0x54c0a4cc, LIBALC.SO@0x4e001250, LIBC_FS.SO@0x40403ac8, LIBC_SYS.KO@0xc3c0c130, LIBF1.SO@0x5141ab98, LIBGB1.SO@0x51410eec, LIBM1.SO@0x5149f184, LIBMMMCR.SO@0x4ec3b07c, LIBMMMDC.SO@0x4f40dbc0, LIBP1.SO@0x51472954, LIBSG1.SO@0x514ae3e4, LIBSG2.SO@0x514b5c80, LIBSG3.SO@0x514a2d9c, MFP.KO@0xcb802b40, MLANG.SO@0x420033b4, MNAVI.SO@0x41c06a84, MSC.KO@0xc4805f00, PLAYLIST.SO@0x4281852c, SQLITE.SO@0x42449158, UDC.KO@0xc4406e04, UMONITOR.KO@0xc2806e30, VD_MISC.SO@0x53cea078, VD_RVG2.SO@0x53c0fdcc, VD_VP3T.SO@0x53c0c22c, VRAM.KO@0xc1402548, WATCHDOG.KO@0xca000aec, browser.app@0x6400bef0, calculat.app@0x658085a4, calendar.app@0x65c06c24, camera.app@0x6801d06c, dict.app@0x66007d78, ebook.app@0x67818eb0, emulator.app@0x6880ed3c, launcher.app@0x66404400, launcher_F15.app@0x66403020, launcher_RK.app@0x66402c80, launcher_flashgame.app@0x66404400, launcher_nor.app@0x66402c60, launcher_s480272.app@0x66402c60, launcher_style_59.app@0x66404600, m_engine.app@0x69006140, manager.app@0x60002330, msg_serv.app@0x69408660, music.app@0x64820124, photo.app@0x67c18b78, pl_gener.app@0x60403384, radio.app@0x6440f610, setting.app@0x67012e6c, usb.app@0x62c3ae88, video.app@0x66c23904, watch.app@0x66004c24
SYSCALL	59	0x1003b	0xc000bf60	free	x7_free	ALARM.KO@0xca4044b4, APCONFIG.SO@0x41403490, AVE_AVI.SO@0x52c0522c, FB.KO@0xc2c09a80, FONT2.SO@0x44002b68, GUI.SO@0x40c26284, ID_PNG.SO@0x54c092b8, ID_TIF.SO@0x54c0a4d8, LIBALC.SO@0x4e00125c, LIBC_FS.SO@0x40403ad4, LIBC_SYS.KO@0xc3c0c13c, LIBF1.SO@0x5141aba4, LIBGB1.SO@0x51410ef8, LIBM1.SO@0x5149f190, LIBMMMCR.SO@0x4ec3b088, LIBMMMDC.SO@0x4f40dbcc, LIBP1.SO@0x51472960, LIBSG1.SO@0x514ae3f0, LIBSG2.SO@0x514b5c8c, LIBSG3.SO@0x514a2da8, MFP.KO@0xcb802b4c, MLANG.SO@0x420033c0, MNAVI.SO@0x41c06a90, MSC.KO@0xc4805f0c, PLAYLIST.SO@0x42818538, SQLITE.SO@0x42449164, UDC.KO@0xc4406e10, UMONITOR.KO@0xc2806e3c, VD_MISC.SO@0x53cea084, VD_RVG2.SO@0x53c0fdd8, VD_VP3T.SO@0x53c0c238, VRAM.KO@0xc1402554, WATCHDOG.KO@0xca000af8, browser.app@0x6400befc, calculat.app@0x658085b0, calendar.app@0x65c06c30, camera.app@0x6801d078, dict.app@0x66007d84, ebook.app@0x67818ebc, emulator.app@0x6880ed48, launcher.app@0x6640440c, launcher_F15.app@0x6640302c, launcher_RK.app@0x66402c8c, launcher_flashgame.app@0x6640440c, launcher_nor.app@0x66402c6c, launcher_s480272.app@0x66402c6c, launcher_style_59.app@0x6640460c, m_engine.app@0x6900614c, manager.app@0x6000233c, msg_serv.app@0x6940866c, music.app@0x64820130, photo.app@0x67c18b84, pl_gener.app@0x60403390, radio.app@0x6440f61c, setting.app@0x67012e78, usb.app@0x62c3ae94, video.app@0x66c23910, watch.app@0x66004c30
SYSCALL	60	0x1003c	0xc001f270	kmalloc	x7_sys_kmalloc	CARD.KO@0xd48070fc, GPU.KO@0xca800c14, LIBGB1.SO@0x51410f04, LIBP1.SO@0x5147296c, MSC.KO@0xc4805f18, UDC.KO@0xc4406e1c, UVC.KO@0xc4c042cc, VIDEO_IN.KO@0xd6004b88, VRAM.KO@0xc1402560
SYSCALL	61	0x1003d	0xc001f288	kfree	x7_sys_kfree	CARD.KO@0xd4807108, GPU.KO@0xca800c20, LIBGB1.SO@0x51410f10, LIBP1.SO@0x51472978, MSC.KO@0xc4805f24, UDC.KO@0xc4406e28, UVC.KO@0xc4c042d8, VIDEO_IN.KO@0xd6004b94, VRAM.KO@0xc140256c
SYSCALL	62	0x1003e	0xc000c314	realloc	x7_realloc	APCONFIG.SO@0x4140349c, AVD_OGM.SO@0x5280f798, LIBC_SYS.KO@0xc3c0c148, LIBP1.SO@0x51472984, MNAVI.SO@0x41c06a9c, PLAYLIST.SO@0x42818544, SQLITE.SO@0x42449170, VD_VP3T.SO@0x53c0c244, WATCHDOG.KO@0xca000b04, video.app@0x66c2391c
SYSCALL	63	0x1003f	0xc000e45c	os_mem_query	os_mem_query	LIBMMMCR.SO@0x4ec3b094, SQLITE.SO@0x4244917c
SYSCALL	64	0x10040	0xc000e46c	print_mem	print_mem	
SYSCALL	65	0x10041	0xc001c23c	sys_mount	sys_mount	config.app@0x69c059fc, msg_serv.app@0x69408678, setting.app@0x67012e84, usb.app@0x62c3aea0
SYSCALL	66	0x10042	0xc001bd24	sys_umount	sys_umount	msg_serv.app@0x69408684, setting.app@0x67012e90, usb.app@0x62c3aeac
SYSCALL	67	0x10043	0xc001afa4	sys_mknod	sys_mknod	LIBEMU.SO@0x50804c90, config.app@0x69c05a08, msg_serv.app@0x69408690
SYSCALL	68	0x10044	0xc001c848	sys_open	sys_open	FFT.KO@0xc902287c, FONT2.SO@0x44002b74, LIBC_FS.SO@0x40403ae0, MFP.KO@0xcb802b58, UMONITOR.KO@0xc2806e48, config.app@0x69c05a14, setting.app@0x67012e9c, usb.app@0x62c3aeb8
SYSCALL	69	0x10045	0xc001ca2c	sys_close	sys_close	FFT.KO@0xc9022888, FONT2.SO@0x44002b80, LIBC_FS.SO@0x40403aec, MFP.KO@0xcb802b64, UMONITOR.KO@0xc2806e54, config.app@0x69c05a20, setting.app@0x67012ea8, usb.app@0x62c3aec4
SYSCALL	70	0x10046	0xc001d1b0	sys_read	sys_read	FFT.KO@0xc9022894, FONT2.SO@0x44002b8c, LIBC_FS.SO@0x40403af8, MFP.KO@0xcb802b70, config.app@0x69c05a2c, setting.app@0x67012eb4, usb.app@0x62c3aed0
SYSCALL	71	0x10047	0xc001d230	sys_write	sys_write	LIBC_FS.SO@0x40403b04, UMONITOR.KO@0xc2806e60, config.app@0x69c05a38, setting.app@0x67012ec0, usb.app@0x62c3aedc
SYSCALL	72	0x10048	0xc001cd34	sys_lseek	sys_lseek	FFT.KO@0xc90228a0, LIBC_FS.SO@0x40403b10, UMONITOR.KO@0xc2806e6c, config.app@0x69c05a44, setting.app@0x67012ecc, usb.app@0x62c3aee8
SYSCALL	73	0x10049	0xc0019724	sys_fcntl	sys_fcntl	FFT.KO@0xc90228ac, LIBC_FS.SO@0x40403b1c
SYSCALL	74	0x1004a	0xc001c850	sys_creat	sys_creat	
SYSCALL	75	0x1004b	0xc001b2b8	sys_rename	sys_rename	LIBC_FS.SO@0x40403b28
SYSCALL	76	0x1004c	0xc001b988	sys_chdir	sys_chdir	LIBC_FS.SO@0x40403b34
SYSCALL	77	0x1004d	0xc00180dc	sys_getcwd	sys_getcwd	LIBC_FS.SO@0x40403b40
SYSCALL	78	0x1004e	0xc001ae18	sys_mkdir	sys_mkdir	LIBC_FS.SO@0x40403b4c, config.app@0x69c05a50
SYSCALL	79	0x1004f	0xc001b43c	sys_rmdir	sys_rmdir	LIBC_FS.SO@0x40403b58
SYSCALL	80	0x10050	0xc001f308	sys_fstat	sys_fstat	FFT.KO@0xc90228b8, FONT2.SO@0x44002b98, LIBC_FS.SO@0x40403b64, MFP.KO@0xcb802b7c, config.app@0x69c05a5c, setting.app@0x67012ed8, usb.app@0x62c3aef4
SYSCALL	81	0x10051	0xc001f448	sys_stat	sys_stat	LIBC_FS.SO@0x40403b70
SYSCALL	82	0x10052	0xc001f558	sys_statfs	sys_statfs	LIBC_FS.SO@0x40403b7c
SYSCALL	83	0x10053	0xc001c4a0	sys_utime	sys_utime	LIBC_FS.SO@0x40403b88
SYSCALL	84	0x10054	0xc001c278	sys_truncate	sys_truncate	LIBC_FS.SO@0x40403b94
SYSCALL	85	0x10055	0xc001c398	sys_ftruncate	sys_ftruncate	LIBC_FS.SO@0x40403ba0
SYSCALL	86	0x10056	0xc0017a44	sys_fsync	sys_fsync	LIBC_FS.SO@0x40403bac, UMONITOR.KO@0xc2806e78, config.app@0x69c05a68, setting.app@0x67012ee4, usb.app@0x62c3af00
SYSCALL	87	0x10057	0xc001ba80	sys_fchdir	sys_fchdir	LIBC_FS.SO@0x40403bb8
SYSCALL	88	0x10058	0xc001bb30	sys_flock	sys_flock	
SYSCALL	89	0x10059	0xc001ca78	sys_remove	sys_remove	LIBC_FS.SO@0x40403bc4
SYSCALL	90	0x1005a	0xc001ccf0	sys_tell	sys_tell	FFT.KO@0xc90228c4, LIBC_FS.SO@0x40403bd0
SYSCALL	91	0x1005b	0xc001b5dc	sys_readdir	sys_readdir	LIBC_FS.SO@0x40403bdc
SYSCALL	92	0x1005c	0xc001b694	sys_seekdir	sys_seekdir	
SYSCALL	93	0x1005d	0xc001b738	sys_rewinddir	sys_rewinddir	
SYSCALL	94	0x1005e	0xc001b7c0	sys_lastdir	sys_lastdir	LIBC_FS.SO@0x40403be8
SYSCALL	95	0x1005f	0xc001b848	sys_prevdir	sys_prevdir	LIBC_FS.SO@0x40403bf4
SYSCALL	96	0x10060	0xc001b900	sys_reset2parentdir	sys_reset2parentdir	LIBC_FS.SO@0x40403c00
SYSCALL	97	0x10061	0xc001a44c	sys_ioctl	sys_ioctl	GUI.SO@0x40c26290, LIBC_FS.SO@0x40403c0c, LIBEMU.SO@0x50804c9c, config.app@0x69c05a74, setting.app@0x67012ef0, usb.app@0x62c3af0c
SYSCALL	98	0x10062	0xc001a658	sys_mmap	sys_mmap	LIBC_FS.SO@0x40403c18, LIBC_SYS.KO@0xc3c0c16c
SYSCALL	99	0x10063	0xc001a73c	sys_munmap	sys_munmap	LIBC_FS.SO@0x40403c24, LIBC_SYS.KO@0xc3c0c178
SYSCALL	100	0x10064	0xc001ab2c	sys_msync	sys_msync	LIBC_SYS.KO@0xc3c0c184
SYSCALL	101	0x10065	0xc0019bbc	fork	x7_fork	
SYSCALL	102	0x10066	0xc0019634	_execve	x7_execve	LIBC_SYS.KO@0xc3c0c190
SYSCALL	103	0x10067	0xc0019494	_exit	x7_exit	LIBC_SYS.KO@0xc3c0c19c
SYSCALL	104	0x10068	0xc001f0e8	sys_shm_open	sys_shm_open	LIBC_SYS.KO@0xc3c0c1a8
SYSCALL	105	0x10069	0xc001f1bc	sys_shm_unlink	sys_shm_unlink	LIBC_SYS.KO@0xc3c0c1b4
SYSCALL	106	0x1006a	0xc001aa10	insmod	insmod	GUI.SO@0x40c2629c, LIBEMU.SO@0x50804ca8, LIBG1.SO@0x514cfcd4, LIBMMMFP.SO@0x5050c52c, LIBP1.SO@0x51472990, LIBSG1.SO@0x514ae3fc, LIBSG2.SO@0x514b5c98, LIBSG3.SO@0x514a2db4, LIBSOUND.SO@0x4e40fb60, camera.app@0x6801d084, config.app@0x69c05a80, msg_serv.app@0x6940869c, usb.app@0x62c3af18
SYSCALL	107	0x1006b	0xc001aa1c	rmmod	rmmod	GUI.SO@0x40c262a8, LIBEMU.SO@0x50804cb4, LIBG1.SO@0x514cfce0, LIBMMMFP.SO@0x5050c538, LIBP1.SO@0x5147299c, LIBSG1.SO@0x514ae408, LIBSG2.SO@0x514b5ca4, LIBSG3.SO@0x514a2dc0, LIBSOUND.SO@0x4e40fb6c, camera.app@0x6801d090, config.app@0x69c05a8c, msg_serv.app@0x694086a8, usb.app@0x62c3af24
SYSCALL	108	0x1006c	0xc0018d00	dlopen	x7_dlopen	GUI.SO@0x40c262b4, IPP.SO@0x5480ec24, LIBEMU.SO@0x50804cc0, LIBF1.SO@0x5141abb0, LIBG1.SO@0x514cfcec, LIBGB1.SO@0x51410f1c, LIBM1.SO@0x5149f19c, LIBMINFO.SO@0x51004c00, LIBMMMCR.SO@0x4ec3b0a0, LIBMMMDC.SO@0x4f40dbd8, LIBMMMDV.SO@0x4ec17aa4, LIBMMMFP.SO@0x5050c544, LIBMMMID.SO@0x4f00940c, LIBMMMMP.SO@0x4f805704, LIBMMMMR.SO@0x4fc04244, LIBMMMVP.SO@0x4e816c7c, LIBP1.SO@0x514729a8, LIBSFC.SO@0x514ad024, LIBSG1.SO@0x514ae414, LIBSG2.SO@0x514b5cb0, LIBSG3.SO@0x514a2dcc, LIBSOUND.SO@0x4e40fb78, anim_off.app@0x60c02f28, anim_on.app@0x60c02fc8, browser.app@0x6400bf08, calculat.app@0x658085bc, calendar.app@0x65c06c3c, calibrat.app@0x64c02be4, camera.app@0x6801d09c, config.app@0x69c05a98, dict.app@0x66007d90, ebook.app@0x67818ec8, emulator.app@0x6880ed54, flash.app@0x70005e10, fmengine.app@0x68c021f0, launcher.app@0x66404418, launcher_F15.app@0x66403038, launcher_RK.app@0x66402c98, launcher_flashgame.app@0x66404418, launcher_nor.app@0x66402c78, launcher_s480272.app@0x66402c78, launcher_style_59.app@0x66404618, m_engine.app@0x69006158, manager.app@0x60002348, msg_serv.app@0x694086b4, music.app@0x6482013c, photo.app@0x67c18b90, pl_gener.app@0x6040339c, radio.app@0x6440f628, recorder.app@0x67408084, setting.app@0x67012efc, tvoffset.app@0x68802e3c, usb.app@0x62c3af30, video.app@0x66c23928, watch.app@0x66004c3c
SYSCALL	109	0x1006d	0xc0019308	dlclose	x7_dlclose	AVD_AVI.SO@0x5280aa38, GUI.SO@0x40c262c0, IPP.SO@0x5480ec30, LIBEMU.SO@0x50804ccc, LIBF1.SO@0x5141abbc, LIBG1.SO@0x514cfcf8, LIBGB1.SO@0x51410f28, LIBM1.SO@0x5149f1a8, LIBMINFO.SO@0x51004c0c, LIBMMMCR.SO@0x4ec3b0ac, LIBMMMDC.SO@0x4f40dbe4, LIBMMMDV.SO@0x4ec17ab0, LIBMMMFP.SO@0x5050c550, LIBMMMID.SO@0x4f009418, LIBMMMMP.SO@0x4f805710, LIBMMMMR.SO@0x4fc04250, LIBMMMVP.SO@0x4e816c88, LIBP1.SO@0x514729b4, LIBSFC.SO@0x514ad030, LIBSG1.SO@0x514ae420, LIBSG2.SO@0x514b5cbc, LIBSG3.SO@0x514a2dd8, LIBSOUND.SO@0x4e40fb84, anim_off.app@0x60c02f34, anim_on.app@0x60c02fd4, browser.app@0x6400bf14, calculat.app@0x658085c8, calendar.app@0x65c06c48, calibrat.app@0x64c02bf0, camera.app@0x6801d0a8, config.app@0x69c05aa4, dict.app@0x66007d9c, ebook.app@0x67818ed4, emulator.app@0x6880ed60, flash.app@0x70005e1c, fmengine.app@0x68c021fc, launcher.app@0x66404424, launcher_F15.app@0x66403044, launcher_RK.app@0x66402ca4, launcher_flashgame.app@0x66404424, launcher_nor.app@0x66402c84, launcher_s480272.app@0x66402c84, launcher_style_59.app@0x66404624, m_engine.app@0x69006164, manager.app@0x60002354, msg_serv.app@0x694086c0, music.app@0x64820148, photo.app@0x67c18b9c, pl_gener.app@0x604033a8, radio.app@0x6440f634, recorder.app@0x67408090, setting.app@0x67012f08, tvoffset.app@0x68802e48, usb.app@0x62c3af3c, video.app@0x66c23934, watch.app@0x66004c48
SYSCALL	110	0x1006e	0xc0019314	dlsym	x7_dlsym	GUI.SO@0x40c262cc, LIBMINFO.SO@0x51004c18, LIBMMMCR.SO@0x4ec3b0b8, LIBMMMDC.SO@0x4f40dbf0, LIBMMMDV.SO@0x4ec17abc, LIBMMMID.SO@0x4f009424, LIBMMMMP.SO@0x4f80571c, LIBMMMMR.SO@0x4fc0425c, LIBMMMVP.SO@0x4e816c94, emulator.app@0x6880ed6c, flash.app@0x70005e28
SYSCALL	111	0x1006f	0xc001943c	dlerror	x7_dlerror	IPP.SO@0x5480ec3c, LIBMINFO.SO@0x51004c24, LIBMMMCR.SO@0x4ec3b0c4, LIBMMMDC.SO@0x4f40dbfc, LIBMMMDV.SO@0x4ec17ac8, LIBMMMID.SO@0x4f009430, LIBMMMMP.SO@0x4f805728, LIBMMMMR.SO@0x4fc04268, LIBMMMVP.SO@0x4e816ca0, LIBSOUND.SO@0x4e40fb90
SYSCALL	112	0x10070	0xc00033a8	-	x7_syscall_112	GPU.KO@0xca800c2c, LIBC_SYS.KO@0xc3c0c1cc, LIBMMMCR.SO@0x4ec3b0d0, LIBMMMDC.SO@0x4f40dc08, LIBMMMDV.SO@0x4ec17ad4, LIBMMMFP.SO@0x5050c55c, LIBMMMID.SO@0x4f00943c, LIBMMMVP.SO@0x4e816cac, VD_WMV8.SO@0x53c17d4c, usb.app@0x62c3af48, video.app@0x66c23940, watch.app@0x66004c54
SYSCALL	113	0x10071	0xc0011e48	-	x7_syscall_113	APCONFIG.SO@0x414034a8, VRAM.KO@0xc1402578
SYSCALL	114	0x10072	0xc000c8f4	-	x7_syscall_114	AVD_AVI.SO@0x5280aa44, AVD_FLV.SO@0x52804c20, AVD_MKV.SO@0x5280aa88, AVD_MP4.SO@0x5280b270, AVD_MPG.SO@0x52808cf4, AVD_OGM.SO@0x5280f7a4, AVD_RM.SO@0x52819c1c, AVD_WMV.SO@0x528084a0, FB.KO@0xc2c09a8c, LIBALC.SO@0x4e001268, LIBEMU.SO@0x50804cd8, LIBG1.SO@0x514cfd04, LIBM1.SO@0x5149f1b4, LIBMMMCR.SO@0x4ec3b0dc, LIBMMMFP.SO@0x5050c568, LIBMMMID.SO@0x4f009448, LIBMMMVP.SO@0x4e816cb8, LIBP1.SO@0x514729c0, LIBSFC.SO@0x514ad03c, LIBSG1.SO@0x514ae42c, LIBSG2.SO@0x514b5cc8, LIBSG3.SO@0x514a2de4, VD_FLV1.SO@0x53c03f6c, VD_H263.SO@0x53c08278, VD_H264.SO@0x53c1498c, VD_MISC.SO@0x53cea090, VD_MJPG.SO@0x53c0750c, VD_MPEG.SO@0x53c0fc6c, VD_MSM4.SO@0x53c090cc, VD_RV34.SO@0x53c0ca4c, VD_RVG2.SO@0x53c0fde4, VD_VP3T.SO@0x53c0c250, VD_VP6.SO@0x53c1d758, VD_WMV8.SO@0x53c17d58, VD_WMV9.SO@0x53c0aa4c, VD_XVID.SO@0x53c12d8c, anim_off.app@0x60c02f40, anim_on.app@0x60c02fe0, browser.app@0x6400bf20, camera.app@0x6801d0b4, ebook.app@0x67818ee0, emulator.app@0x6880ed78, music.app@0x64820154, photo.app@0x67c18ba8, video.app@0x66c2394c
SYSCALL	115	0x10073	0xc000cae4	-	x7_syscall_115	AVD_AVI.SO@0x5280aa50, AVD_FLV.SO@0x52804c2c, AVD_MKV.SO@0x5280aa94, AVD_MP4.SO@0x5280b27c, AVD_MPG.SO@0x52808d00, AVD_OGM.SO@0x5280f7b0, AVD_RM.SO@0x52819c28, AVD_WMV.SO@0x528084ac, FB.KO@0xc2c09a98, LIBALC.SO@0x4e001274, LIBEMU.SO@0x50804ce4, LIBG1.SO@0x514cfd10, LIBM1.SO@0x5149f1c0, LIBMMMCR.SO@0x4ec3b0e8, LIBMMMFP.SO@0x5050c574, LIBMMMID.SO@0x4f009454, LIBMMMVP.SO@0x4e816cc4, LIBP1.SO@0x514729cc, LIBSFC.SO@0x514ad048, LIBSG1.SO@0x514ae438, LIBSG2.SO@0x514b5cd4, LIBSG3.SO@0x514a2df0, VD_FLV1.SO@0x53c03f78, VD_H263.SO@0x53c08284, VD_H264.SO@0x53c14998, VD_MISC.SO@0x53cea09c, VD_MJPG.SO@0x53c07518, VD_MPEG.SO@0x53c0fc78, VD_MSM4.SO@0x53c090d8, VD_RV34.SO@0x53c0ca58, VD_RVG2.SO@0x53c0fdf0, VD_VP3T.SO@0x53c0c25c, VD_VP6.SO@0x53c1d764, VD_WMV8.SO@0x53c17d64, VD_WMV9.SO@0x53c0aa58, VD_XVID.SO@0x53c12d98, anim_off.app@0x60c02f4c, anim_on.app@0x60c02fec, browser.app@0x6400bf2c, camera.app@0x6801d0c0, ebook.app@0x67818eec, emulator.app@0x6880ed84, music.app@0x64820160, photo.app@0x67c18bb4, video.app@0x66c23958
SYSCALL	116	0x10074	0xc000cbc0	-	x7_syscall_116	AVD_AVI.SO@0x5280aa5c, AVD_FLV.SO@0x52804c38, AVD_MKV.SO@0x5280aaa0, AVD_MP4.SO@0x5280b288, AVD_MPG.SO@0x52808d0c, AVD_OGM.SO@0x5280f7bc, AVD_RM.SO@0x52819c34, AVD_WMV.SO@0x528084b8, FB.KO@0xc2c09aa4, LIBALC.SO@0x4e001280, LIBEMU.SO@0x50804cf0, LIBMMMFP.SO@0x5050c580, LIBMMMVP.SO@0x4e816cd0, VD_FLV1.SO@0x53c03f84, VD_H263.SO@0x53c08290, VD_H264.SO@0x53c149a4, VD_MISC.SO@0x53cea0a8, VD_MJPG.SO@0x53c07524, VD_MPEG.SO@0x53c0fc84, VD_MSM4.SO@0x53c090e4, VD_RV34.SO@0x53c0ca64, VD_RVG2.SO@0x53c0fdfc, VD_VP3T.SO@0x53c0c268, VD_VP6.SO@0x53c1d770, VD_WMV8.SO@0x53c17d70, VD_WMV9.SO@0x53c0aa64, VD_XVID.SO@0x53c12da4
SYSCALL	117	0x10075	0xc000cc18	-	x7_syscall_117	LIBGB1.SO@0x51410f34, LIBMMMFP.SO@0x5050c58c, LIBMMMVP.SO@0x4e816cdc, LIBSG1.SO@0x514ae444, LIBSG2.SO@0x514b5ce0, LIBSG3.SO@0x514a2dfc
SYSCALL	118	0x10076	0xc00214e0	-	x7_syscall_118	
SYSCALL	119	0x10077	0xc0021518	-	x7_syscall_119	
SYSCALL	120	0x10078	0xc000b1e8	get_ic_version	get_ic_version	LIBALC.SO@0x4e00128c, PM.KO@0xc1005158
SYSCALL	121	0x10079	0xc000b1f4	get_ic_type	get_ic_type	ADAAC.SO@0x53017408, ADAC3.SO@0x530080d8, ADACELP.SO@0x53008f18, ADAIFF.SO@0x53003c2c, ADAMR.SO@0x5300eb58, ADAPE.SO@0x530068f0, ADCOOK.SO@0x530061cc, ADDTS.SO@0x530061e0, ADFLAC.SO@0x53007334, ADMP3.SO@0x53008d70, ADMPC.SO@0x530062b4, ADOGG.SO@0x5300c1b8, ADPCM.SO@0x53003ed0, ADWMALSL.SO@0x5300f9b0, ADWMAPRO.SO@0x5305b498, ADWMASTD.SO@0x53012660, AVE_AVI.SO@0x52c05238, HANTRO.KO@0xcb400cbc, ID_BMP.SO@0x54c03288, ID_GIF.SO@0x54c043ac, ID_JPG.SO@0x54c12690, ID_PNG.SO@0x54c092c4, ID_TIF.SO@0x54c0a4e4, IE_JPG.SO@0x550115ac, LIBALC.SO@0x4e001298, LIBMMMCR.SO@0x4ec3b0f4, LIBMMMDV.SO@0x4ec17ae0, LIBMMMFP.SO@0x5050c598, PM.KO@0xc1005164, SNDRV.KO@0xc68049e8, VD_FLV1.SO@0x53c03f90, VD_H263.SO@0x53c0829c, VD_H264.SO@0x53c149b0, VD_MISC.SO@0x53cea0b4, VD_MJPG.SO@0x53c07530, VD_MPEG.SO@0x53c0fc90, VD_MSM4.SO@0x53c090f0, VD_RV34.SO@0x53c0ca70, VD_RVG2.SO@0x53c0fe08, VD_VP3T.SO@0x53c0c274, VD_VP6.SO@0x53c1d77c, VD_WMV8.SO@0x53c17d7c, VD_WMV9.SO@0x53c0aa70, VD_XVID.SO@0x53c12db0, VE_XVID.SO@0x5440ec68
SYSCALL	122	0x1007a	0xc000b200	get_sdram_cap	get_sdram_cap	LIBGB1.SO@0x51410f40, LIBMMMFP.SO@0x5050c5a4, LIBSG1.SO@0x514ae450, LIBSG2.SO@0x514b5cec, LIBSG3.SO@0x514a2e08, camera.app@0x6801d0cc, video.app@0x66c23964
SYSCALL	123	0x1007b	0xc000e37c	-	x7_syscall_123	
SYSCALL	124	0x1007c	0xc000e3c0	-	x7_syscall_124	
SYSCALL	125	0x1007d	0xc000a3b0	-	x7_syscall_125	setting.app@0x67012e3c
SYSCALL	126	0x1007e	0xc0003514	-	x7_syscall_126	LIBM1.SO@0x5149f154
SYSCALL	127	0x1007f	0xc0010104	-	x7_syscall_127	LIBMMMFP.SO@0x5050c508
SYSCALL	128	0x10080	0xc000b240	-	x7_syscall_128	FB.KO@0xc2c09a08, camera.app@0x6801d030, video.app@0x66c238c8
SYSCALL	129	0x10081	0xc000b26c	-	x7_syscall_129	FB.KO@0xc2c09a14, camera.app@0x6801d03c, video.app@0x66c238d4
KMODULE	0	0x20000	0xc0020b6c	os_cpu_save_sr	os_cpu_save_sr	
KMODULE	1	0x20001	0xc0020b78	os_cpu_store_sr	os_cpu_store_sr	ALARM.KO@0xca4044c0, CARD.KO@0xd4807120, FB.KO@0xc2c09ab0, FFT.KO@0xc90227bc, FS.KO@0xc0812370, GPU.KO@0xca800c38, HDMI.KO@0xc9802410, HDMI_MOT.KO@0xcac02650, LIBC_SYS.KO@0xc3c0c1e4, MSC.KO@0xc4805f60, SND_CFG.KO@0xcb0013b0, UCORE.KO@0xc7c0531c, UDC.KO@0xc4406e34, UHC.KO@0xc80080c4, UMONITOR.KO@0xc2806e84, UVC.KO@0xc4c04314, anim_off.app@0x60c02f58, anim_on.app@0x60c02ff8, browser.app@0x6400bf38, calculat.app@0x658085d4, calendar.app@0x65c06c54, calibrat.app@0x64c02bfc, camera.app@0x6801d0d8, config.app@0x69c05ab0, dict.app@0x66007da8, ebook.app@0x67818ef8, emulator.app@0x6880ed90, flash.app@0x70005e34, fmengine.app@0x68c02208, launcher.app@0x66404430, launcher_F15.app@0x66403050, launcher_RK.app@0x66402cb0, launcher_flashgame.app@0x66404430, launcher_nor.app@0x66402c90, launcher_s480272.app@0x66402c90, launcher_style_59.app@0x66404630, m_engine.app@0x69006170, manager.app@0x60002360, msg_serv.app@0x694086cc, music.app@0x6482016c, photo.app@0x67c18bc0, pl_gener.app@0x604033b4, radio.app@0x6440f640, recorder.app@0x6740809c, setting.app@0x67012f14, tvoffset.app@0x68802e54, usb.app@0x62c3af54, video.app@0x66c23970, watch.app@0x66004c60
KMODULE	2	0x20002	0xc00211c0	memcpy	x7_memcpy	ALARM.KO@0xca4044e4, CARD.KO@0xd4807174, CHARGE.KO@0xd5c01730, FB.KO@0xc2c09aec, FFT.KO@0xc90227c8, FM.KO@0xd5402018, FONT2.SO@0x44002ab4, FS.KO@0xc081237c, GPU.KO@0xca800c5c, GSENSOR.KO@0xc6001378, HDMI.KO@0xc980241c, KERNINFO.KO@0xc6c00558, KEY.KO@0xd4001464, LCD.KO@0xd44016d8, LIBC_FS.SO@0x40403c6c, MFP.KO@0xcb802b88, MSC.KO@0xc4805f78, PLAYLIST.SO@0x42818344, PM.KO@0xc1005194, SNDRV.KO@0xc6804a18, TVOUT.KO@0xc24011e4, UCORE.KO@0xc7c05328, USB_STOR.KO@0xc780464c, UVC.KO@0xc4c04338, UVIEW.KO@0xc880117c, VRAM.KO@0xc14025b4
KMODULE	3	0x20003	0xc00213c0	memset	x7_memset	ALARM.KO@0xca4044f0, CARD.KO@0xd480718c, FB.KO@0xc2c09b04, FFT.KO@0xc90227ec, FM.KO@0xd5402024, FONT2.SO@0x44002ad8, FS.KO@0xc08123a0, HDMI.KO@0xc9802428, HDMI_MOT.KO@0xcac02674, KEY.KO@0xd4001470, LIBC_FS.SO@0x40403c78, MSC.KO@0xc4805f9c, PLAYLIST.SO@0x42818350, PM.KO@0xc10051b8, SNDRV.KO@0xc6804a48, TP.KO@0xd6404b04, UCORE.KO@0xc7c0534c, UDC.KO@0xc4406e7c, UHC.KO@0xc8008118, UMONITOR.KO@0xc2806e9c, USB_STOR.KO@0xc7804670, UVC.KO@0xc4c04344, VRAM.KO@0xc14025e4, WATCHDOG.KO@0xca000b10
KMODULE	4	0x20004	0xc0011780	strcpy	x7_strcpy	FFT.KO@0xc9022810, FONT2.SO@0x44002ae4, MSC.KO@0xc4805fc0, PLAYLIST.SO@0x4281835c, UVC.KO@0xc4c04368
KMODULE	5	0x20005	0xc00117a0	strncpy	x7_strncpy	PLAYLIST.SO@0x42818368
KMODULE	6	0x20006	0xc0011874	strcat	x7_strcat	FFT.KO@0xc902281c, FONT2.SO@0x44002af0, PLAYLIST.SO@0x42818380
KMODULE	7	0x20007	0xc00119bc	strcmp	x7_strcmp	FFT.KO@0xc9022830, MFP.KO@0xcb802bac, MSC.KO@0xc4806034, PLAYLIST.SO@0x4281838c
KMODULE	8	0x20008	0xc00119e8	strncmp	x7_strncmp	FS.KO@0xc081242c, PLAYLIST.SO@0x42818398
KMODULE	9	0x20009	0xc0011a54	strrchr	x7_strrchr	FFT.KO@0xc902283c, FONT2.SO@0x44002afc, MSC.KO@0xc4806040, PLAYLIST.SO@0x428183a4, UVC.KO@0xc4c043a0
KMODULE	10	0x2000a	0xc0011d54	strstr	x7_strstr	PLAYLIST.SO@0x428183b0
KMODULE	11	0x2000b	0xc00117cc	strlen	x7_strlen	FFT.KO@0xc9022848, FONT2.SO@0x44002b08, FS.KO@0xc081245c, MFP.KO@0xcb802bb8, MSC.KO@0xc4806058, PLAYLIST.SO@0x428183bc, UVC.KO@0xc4c043b8, VRAM.KO@0xc1402644
KMODULE	12	0x2000c	0xc000b000	simple_strtoul	simple_strtoul	
KMODULE	13	0x2000d	0xc000b184	simple_strtol	simple_strtol	MSC.KO@0xc4805f54, UVC.KO@0xc4c04308
KMODULE	14	0x2000e	0xc0011c94	memmove	x7_memmove	FFT.KO@0xc90227b0
KMODULE	15	0x2000f	0xc0011d00	memcmp	x7_memcmp	CARD.KO@0xd4807114, FS.KO@0xc0812364, OEM.KO@0xc9c0155c, PLAYLIST.SO@0x42818320
KMODULE	16	0x20010	0xc0011e08	memchr	x7_memchr	
KMODULE	17	0x20011	0xc000afac	strswab	strswab	
KMODULE	18	0x20012	0xc00118a8	strncat	x7_strncat	PLAYLIST.SO@0x4281832c
KMODULE	19	0x20013	0xc000af58	sprintf	x7_sprintf	CARD.KO@0xd480712c, FONT2.SO@0x44002aa8, MSC.KO@0xc4805f6c, PLAYLIST.SO@0x42818338, UDC.KO@0xc4406e40, USB_STOR.KO@0xc7804634, UVC.KO@0xc4c04320
KMODULE	20	0x20014	0xc0009c80	r4k_dma_cache_wback_inv	r4k_dma_cache_wback_inv	CARD.KO@0xd4807138, GPU.KO@0xca800c44, ID_JPG.SO@0x54c1269c, LIBMMMFP.SO@0x5050c5b0, PM.KO@0xc1005170, SNDRV.KO@0xc68049f4, UDC.KO@0xc4406e4c, UHC.KO@0xc80080d0, USB_STOR.KO@0xc7804640, UVC.KO@0xc4c0432c, VD_H264.SO@0x53c149bc, VD_MJPG.SO@0x53c0753c, VD_MPEG.SO@0x53c0fc9c, VRAM.KO@0xc1402584
KMODULE	21	0x20015	0xc0009c00	r4k_dma_cache_inv	r4k_dma_cache_inv	PM.KO@0xc100517c, VRAM.KO@0xc1402590
KMODULE	22	0x20016	0xc00099c4	r4k_flush_icache_range	r4k_flush_icache_range	PM.KO@0xc1005188
KMODULE	23	0x20017	0xc0005630	request_irq	request_irq	ALARM.KO@0xca4044cc, CARD.KO@0xd4807144, FB.KO@0xc2c09abc, GPU.KO@0xca800c50, HANTRO.KO@0xcb400cc8, HDMI_MOT.KO@0xcac0265c, UMONITOR.KO@0xc2806e90, VIDEO_IN.KO@0xd6004ba0
KMODULE	24	0x20018	0xc00057f4	free_irq	free_irq	ALARM.KO@0xca4044d8, CARD.KO@0xd4807150, FB.KO@0xc2c09ac8, HDMI_MOT.KO@0xcac02668, VIDEO_IN.KO@0xd6004bac
KMODULE	25	0x20019	0xc0003c34	request_act213x_dma	request_act213x_dma	CARD.KO@0xd480715c, FB.KO@0xc2c09ad4, SNDRV.KO@0xc6804a00, UDC.KO@0xc4406e58, UHC.KO@0xc80080dc, VRAM.KO@0xc140259c
KMODULE	26	0x2001a	0xc0004070	free_act213x_dma	free_act213x_dma	CARD.KO@0xd4807168, FB.KO@0xc2c09ae0, SNDRV.KO@0xc6804a0c, UDC.KO@0xc4406e64, UHC.KO@0xc80080e8, VRAM.KO@0xc14025a8
KMODULE	27	0x2001b	0xc0003ba0	get_dma_chan	get_dma_chan	CARD.KO@0xd4807180, FB.KO@0xc2c09af8, SNDRV.KO@0xc6804a24, UDC.KO@0xc4406e70, UHC.KO@0xc80080f4, VIDEO_IN.KO@0xd6004bb8, VRAM.KO@0xc14025c0
KMODULE	28	0x2001c	0xc000b58c	-	x7_kmodule_028	
KMODULE	29	0x2001d	0xc000b58c	-	x7_kmodule_029	
KMODULE	30	0x2001e	0xc000b58c	-	x7_kmodule_030	
KMODULE	31	0x2001f	0xc000b58c	-	x7_kmodule_031	
KMODULE	32	0x20020	0xc0012500	get_sysmsg	get_sysmsg	
KMODULE	33	0x20021	0xc0012490	put_sysmsg	put_sysmsg	
KMODULE	34	0x20022	0xc0012454	flush_sysmsg	flush_sysmsg	
KMODULE	35	0x20023	0xc001f270	kmalloc	kmalloc	FFT.KO@0xc90227d4, FONT2.SO@0x44002ac0, FS.KO@0xc0812388, LIBC_SYS.KO@0xc3c0c1f0, MSC.KO@0xc4805f84, PM.KO@0xc10051a0, SNDRV.KO@0xc6804a30, UCORE.KO@0xc7c05334, UHC.KO@0xc8008100, USB_STOR.KO@0xc7804658, UVIEW.KO@0xc8801188, VRAM.KO@0xc14025cc, config.app@0x69c05abc, setting.app@0x67012f20, usb.app@0x62c3af60
KMODULE	36	0x20024	0xc001f288	kfree	kfree	FFT.KO@0xc90227e0, FONT2.SO@0x44002acc, FS.KO@0xc0812394, LIBC_SYS.KO@0xc3c0c1fc, MSC.KO@0xc4805f90, PM.KO@0xc10051ac, SNDRV.KO@0xc6804a3c, UCORE.KO@0xc7c05340, UHC.KO@0xc800810c, USB_STOR.KO@0xc7804664, UVIEW.KO@0xc8801194, VRAM.KO@0xc14025d8, config.app@0x69c05ac8, setting.app@0x67012f2c, usb.app@0x62c3af6c
KMODULE	37	0x20025	0xc0017b58	register_chrdev	register_chrdev	ALARM.KO@0xca4044fc, CHARGE.KO@0xd5c0173c, FB.KO@0xc2c09b10, FFT.KO@0xc90227f8, FM.KO@0xd5402030, GPU.KO@0xca800c68, GSENSOR.KO@0xc6001384, HANTRO.KO@0xcb400cd4, HDMI.KO@0xc9802434, HDMI_MOT.KO@0xcac02680, KERNINFO.KO@0xc6c00564, KEY.KO@0xd400147c, LCD.KO@0xd44016e4, MISC.KO@0xc5c0054c, MSC.KO@0xc4805fa8, PM.KO@0xc10051c4, RTC.KO@0xd7000b00, SHUTOFF.KO@0xd6c0058c, SNDRV.KO@0xc6804a54, SND_CFG.KO@0xcb0013bc, TP.KO@0xd6404b10, TVOUT.KO@0xc24011f0, UMONITOR.KO@0xc2806ea8, UVC.KO@0xc4c04350, VIDEO_IN.KO@0xd6004bc4, VRAM.KO@0xc14025f0, WATCHDOG.KO@0xca000b1c
KMODULE	38	0x20026	0xc0017cdc	unregister_chrdev	unregister_chrdev	ALARM.KO@0xca404508, CHARGE.KO@0xd5c01748, FB.KO@0xc2c09b1c, FFT.KO@0xc9022804, FM.KO@0xd540203c, GPU.KO@0xca800c74, GSENSOR.KO@0xc6001390, HANTRO.KO@0xcb400ce0, HDMI.KO@0xc9802440, HDMI_MOT.KO@0xcac0268c, KERNINFO.KO@0xc6c00570, KEY.KO@0xd4001488, LCD.KO@0xd44016f0, MISC.KO@0xc5c00558, MSC.KO@0xc4805fb4, PM.KO@0xc10051d0, RTC.KO@0xd7000b0c, SHUTOFF.KO@0xd6c00598, SNDRV.KO@0xc6804a60, SND_CFG.KO@0xcb0013c8, TP.KO@0xd6404b1c, TVOUT.KO@0xc24011fc, UMONITOR.KO@0xc2806eb4, UVC.KO@0xc4c0435c, VIDEO_IN.KO@0xd6004bd0, VRAM.KO@0xc14025fc, WATCHDOG.KO@0xca000b28
KMODULE	39	0x20027	0xc0019bc4	register_blkdev	register_blkdev	CARD.KO@0xd4807198, USB_STOR.KO@0xc780467c
KMODULE	40	0x20028	0xc0019dc4	unregister_blkdev	unregister_blkdev	CARD.KO@0xd48071a4, USB_STOR.KO@0xc7804688
KMODULE	41	0x20029	0xc0019b00	register_filesystem	register_filesystem	FS.KO@0xc08123ac
KMODULE	42	0x2002a	0xc0019b6c	unregister_filesystem	unregister_filesystem	FS.KO@0xc08123b8
KMODULE	43	0x2002b	0xc0019eec	alloc_disk	alloc_disk	CARD.KO@0xd48071b0, USB_STOR.KO@0xc7804694
KMODULE	44	0x2002c	0xc0019fe0	add_disk	add_disk	CARD.KO@0xd48071bc, USB_STOR.KO@0xc78046a0
KMODULE	45	0x2002d	0xc001a098	del_gendisk	del_gendisk	CARD.KO@0xd48071c8, USB_STOR.KO@0xc78046ac
KMODULE	46	0x2002e	0xc0019fa0	put_disk	put_disk	CARD.KO@0xd48071d4, USB_STOR.KO@0xc78046b8
KMODULE	47	0x2002f	0xc001a4b0	blk_init_queue	blk_init_queue	CARD.KO@0xd48071e0, USB_STOR.KO@0xc78046c4
KMODULE	48	0x20030	0xc001a54c	blk_cleanup_queue	blk_cleanup_queue	CARD.KO@0xd48071ec, USB_STOR.KO@0xc78046d0
KMODULE	49	0x20031	0xc001a610	elv_next_request	elv_next_request	CARD.KO@0xd48071f8, USB_STOR.KO@0xc78046dc
KMODULE	50	0x20032	0xc0018668	driver_register	driver_register	ALARM.KO@0xca404514, CARD.KO@0xd4807204, CHARGE.KO@0xd5c01754, FB.KO@0xc2c09b28, FM.KO@0xd5402048, GPU.KO@0xca800c80, GSENSOR.KO@0xc600139c, HANTRO.KO@0xcb400cec, HDMI_MOT.KO@0xcac02698, KEY.KO@0xd4001494, LCD.KO@0xd44016fc, MISC.KO@0xc5c00564, MSC.KO@0xc4805fcc, RTC.KO@0xd7000b18, SHUTOFF.KO@0xd6c005a4, SNDRV.KO@0xc6804a6c, SND_CFG.KO@0xcb0013d4, TP.KO@0xd6404b28, UDC.KO@0xc4406e88, UMONITOR.KO@0xc2806ec0, USB_STOR.KO@0xc78046e8, UVC.KO@0xc4c04374, VIDEO_IN.KO@0xd6004bdc
KMODULE	51	0x20033	0xc0018770	driver_unregister	driver_unregister	ALARM.KO@0xca404520, CARD.KO@0xd4807210, CHARGE.KO@0xd5c01760, FB.KO@0xc2c09b34, FM.KO@0xd5402054, GPU.KO@0xca800c8c, GSENSOR.KO@0xc60013a8, HANTRO.KO@0xcb400cf8, HDMI_MOT.KO@0xcac026a4, KEY.KO@0xd40014a0, LCD.KO@0xd4401708, MISC.KO@0xc5c00570, MSC.KO@0xc4805fd8, RTC.KO@0xd7000b24, SHUTOFF.KO@0xd6c005b0, SNDRV.KO@0xc6804a78, SND_CFG.KO@0xcb0013e0, TP.KO@0xd6404b34, UDC.KO@0xc4406e94, UMONITOR.KO@0xc2806ecc, USB_STOR.KO@0xc78046f4, UVC.KO@0xc4c04380, VIDEO_IN.KO@0xd6004be8
KMODULE	52	0x20034	0xc001a640	end_request	end_request	CARD.KO@0xd480721c, USB_STOR.KO@0xc7804700
KMODULE	53	0x20035	0xc0017a10	blk_read	blk_read	FS.KO@0xc08123c4, VRAM.KO@0xc1402608
KMODULE	54	0x20036	0xc0017a24	blk_write	blk_write	FS.KO@0xc08123d0, VRAM.KO@0xc1402614
KMODULE	55	0x20037	0xc0017a3c	blk_ioctl	blk_ioctl	FS.KO@0xc08123dc
KMODULE	56	0x20038	0xc001846c	get_rel_name	get_rel_name	FS.KO@0xc08123e8
KMODULE	57	0x20039	0xc00185ac	get_base_name	get_base_name	
KMODULE	58	0x2003a	0xc001863c	lookup_dentry	lookup_dentry	FS.KO@0xc08123f4
KMODULE	59	0x2003b	0xc001c5f4	filp_open	filp_open	MSC.KO@0xc4805fe4, VRAM.KO@0xc1402620
KMODULE	60	0x2003c	0xc001c85c	filp_close	filp_close	MSC.KO@0xc4805ff0, VRAM.KO@0xc140262c
KMODULE	61	0x2003d	0xc00199a4	-	x7_kmodule_061	
KMODULE	62	0x2003e	0xc001f95c	kernel_sym	kernel_sym	ALARM.KO@0xca40452c, APCONFIG.SO@0x414034b4, CARD.KO@0xd4807228, CHARGE.KO@0xd5c0176c, FB.KO@0xc2c09b40, FM.KO@0xd5402060, FS.KO@0xc0812400, GPU.KO@0xca800c98, GSENSOR.KO@0xc60013b4, GUI.SO@0x40c262d8, HDMI.KO@0xc980244c, HDMI_MOT.KO@0xcac026b0, KERNINFO.KO@0xc6c0057c, KEY.KO@0xd40014ac, LCD.KO@0xd4401714, LIBC_SYS.KO@0xc3c0c208, LIBEMU.SO@0x50804cfc, LIBG1.SO@0x514cfd1c, LIBMMMCR.SO@0x4ec3b100, LIBMMMFP.SO@0x5050c5bc, LIBP1.SO@0x514729d8, LIBSG1.SO@0x514ae45c, LIBSG2.SO@0x514b5cf8, LIBSG3.SO@0x514a2e14, LIBSOUND.SO@0x4e40fb9c, MISC.KO@0xc5c0057c, MSC.KO@0xc4805ffc, OEM.KO@0xc9c01568, PLAYLIST.SO@0x42818374, PM.KO@0xc10051dc, SNDRV.KO@0xc6804a84, SQLITE.SO@0x42449188, TP.KO@0xd6404b40, TVOUT.KO@0xc2401208, UCORE.KO@0xc7c05358, UDC.KO@0xc4406ea0, UHC.KO@0xc8008124, UMONITOR.KO@0xc2806ed8, USB_STOR.KO@0xc780470c, UVC.KO@0xc4c0438c, UVIEW.KO@0xc88011a0, VIDEO_IN.KO@0xd6004bf4, VRAM.KO@0xc1402638, WATCHDOG.KO@0xca000b34, config.app@0x69c05ad4, msg_serv.app@0x694086d8
KMODULE	63	0x2003f	0xc001fc88	init_timer	init_timer	CARD.KO@0xd4807234, CHARGE.KO@0xd5c01778, GSENSOR.KO@0xc60013c0, HDMI_MOT.KO@0xcac026bc, KEY.KO@0xd40014b8, MSC.KO@0xc4806008, PM.KO@0xc10051e8, UCORE.KO@0xc7c05364, UHC.KO@0xc8008130, UMONITOR.KO@0xc2806ee4, USB_STOR.KO@0xc7804718, WATCHDOG.KO@0xca000b40
KMODULE	64	0x20040	0xc001fcec	add_timer	add_timer	GSENSOR.KO@0xc60013cc, HDMI_MOT.KO@0xcac026c8, PM.KO@0xc10051f4
KMODULE	65	0x20041	0xc001fd0c	mod_timer	mod_timer	CARD.KO@0xd4807240, CHARGE.KO@0xd5c01784, GSENSOR.KO@0xc60013d8, HDMI_MOT.KO@0xcac026d4, KEY.KO@0xd40014c4, MSC.KO@0xc4806014, PM.KO@0xc1005200, UCORE.KO@0xc7c05370, UHC.KO@0xc800813c, UMONITOR.KO@0xc2806ef0, USB_STOR.KO@0xc7804724, WATCHDOG.KO@0xca000b4c
KMODULE	66	0x20042	0xc001fd74	del_timer	del_timer	GSENSOR.KO@0xc60013e4, HDMI_MOT.KO@0xcac026e0, MSC.KO@0xc4806020, UCORE.KO@0xc7c0537c, UHC.KO@0xc8008148, USB_STOR.KO@0xc7804730
KMODULE	67	0x20043	0xc001fdec	del_timer_sync	del_timer_sync	CARD.KO@0xd480724c, CHARGE.KO@0xd5c01790, KEY.KO@0xd40014d0, PM.KO@0xc100520c, TP.KO@0xd6404b4c, UMONITOR.KO@0xc2806efc, USB_STOR.KO@0xc780473c, WATCHDOG.KO@0xca000b58
KMODULE	68	0x20044	0xc001f2c4	_spin_lock	_spin_lock	
KMODULE	69	0x20045	0xc001f2e0	_spin_unlock	_spin_unlock	
KMODULE	70	0x20046	0xc001f2e8	_spin_lock_irq	_spin_lock_irq	USB_STOR.KO@0xc7804748
KMODULE	71	0x20047	0xc001f2f8	_spin_unlock_irq	_spin_unlock_irq	USB_STOR.KO@0xc7804754
KMODULE	72	0x20048	0xc001f2a0	_spin_lock_irqsave	_spin_lock_irqsave	FS.KO@0xc081240c, MFP.KO@0xcb802b94
KMODULE	73	0x20049	0xc001f2ac	_spin_unlock_irqrestore	_spin_unlock_irqrestore	FS.KO@0xc0812418, MFP.KO@0xcb802ba0
KMODULE	74	0x2004a	0xc00204dc	schedule_work	schedule_work	PM.KO@0xc1005218
KMODULE	75	0x2004b	0xc00204ec	schedule_delayed_work	schedule_delayed_work	
KMODULE	76	0x2004c	0xc0020504	flush_scheduled_work	flush_scheduled_work	
KMODULE	77	0x2004d	0xc0020590	cancel_rearming_delayed_work	cancel_rearming_delayed_work	
KMODULE	78	0x2004e	0xc00114c8	tasklet_init	tasklet_init	
KMODULE	79	0x2004f	0xc00114e4	tasklet_kill	tasklet_kill	
KMODULE	80	0x20050	0xc001123c	__tasklet_schedule	__tasklet_schedule	
KMODULE	81	0x20051	0xc00111fc	__tasklet_hi_schedule	__tasklet_hi_schedule	
KMODULE	82	0x20052	0xc000f308	module_load	module_load	
KMODULE	83	0x20053	0xc000452c	set_except_vector	set_except_vector	
KMODULE	84	0x20054	0xc0001a70	set_hook_switch	set_hook_switch	
KMODULE	85	0x20055	0xc0002b8c	config_pcnt	config_pcnt	
KMODULE	86	0x20056	0xc0002ab0	get_pcnt	get_pcnt	
KMODULE	87	0x20057	0xc000b210	get_run_mode	get_run_mode	UMONITOR.KO@0xc2806f10
KMODULE	88	0x20058	0xc000b234	set_run_mode	set_run_mode	
KMODULE	89	0x20059	0xc000b21c	is_stub_installed	is_stub_installed	PM.KO@0xc1005224
KMODULE	90	0x2005a	0xc000b228	install_stub	install_stub	
KMODULE	91	0x2005b	0xc0002ccc	get_regs	get_regs	
KMODULE	92	0x2005c	0xc0003574	get_ab_timer	get_ab_timer	LIBG1.SO@0x514cfd28, LIBP1.SO@0x514729e4, LIBSFC.SO@0x514ad054, PM.KO@0xc1005230, UVIEW.KO@0xc88011ac, anim_off.app@0x60c02f6c, anim_on.app@0x60c0300c, camera.app@0x6801d0ec
KMODULE	93	0x2005d	0xc0003760	get_ab_ticks	get_ab_ticks	UVIEW.KO@0xc88011b8
KMODULE	94	0x2005e	0xc001d2b0	set_load_from_pc	set_load_from_pc	
KMODULE	95	0x2005f	0xc001d33c	set_image_path_name_of_pc	set_image_path_name_of_pc	
KMODULE	96	0x20060	0xc000198c	-	x7_kmodule_096	FS.KO@0xc0812438
KMODULE	97	0x20061	0xc0001a00	-	x7_kmodule_097	FS.KO@0xc0812444
KMODULE	98	0x20062	0xc00107f8	-	x7_kmodule_098	ALARM.KO@0xca404540, CARD.KO@0xd4807260, FB.KO@0xc2c09b54, FS.KO@0xc0812450, GPU.KO@0xca800cac, GSENSOR.KO@0xc60013f0, HANTRO.KO@0xcb400d04, HDMI.KO@0xc9802460, HDMI_MOT.KO@0xcac026f4, KERNINFO.KO@0xc6c00588, MISC.KO@0xc5c00588, MSC.KO@0xc480604c, OEM.KO@0xc9c01574, PM.KO@0xc100523c, RTC.KO@0xd7000b30, SNDRV.KO@0xc6804a90, SND_CFG.KO@0xcb0013f4, TP.KO@0xd6404b58, TVOUT.KO@0xc2401214, UDC.KO@0xc4406eb4, UHC.KO@0xc800815c, UMONITOR.KO@0xc2806f1c, UVC.KO@0xc4c043ac, WATCHDOG.KO@0xca000b6c
KMODULE	99	0x20063	0xc00101dc	-	x7_kmodule_099	UMONITOR.KO@0xc2806f28
KMODULE	100	0x20064	0xc00101b0	-	x7_kmodule_100	UMONITOR.KO@0xc2806f34
KMODULE	101	0x20065	0xc0001c18	set_uview_mode	set_uview_mode	
KMODULE	102	0x20066	0xc0009b00	-	x7_kmodule_102	PM.KO@0xc1005248
KMODULE	103	0x20067	0xc0009b80	-	x7_kmodule_103	PM.KO@0xc1005254
KMODULE	104	0x20068	0xc000f28c	free_welcome_buffer	free_welcome_buffer	FB.KO@0xc2c09b60
KMODULE	105	0x20069	0xc001fce4	init_timer_lo	init_timer_lo	
KMODULE	106	0x2006a	0xc001fcfc	add_timer_lo	add_timer_lo	
KMODULE	107	0x2006b	0xc001fd40	mod_timer_lo	mod_timer_lo	
KMODULE	108	0x2006c	0xc001fdf4	del_timer_lo	del_timer_lo	
KMODULE	109	0x2006d	0xc001fdfc	del_timer_sync_lo	del_timer_sync_lo	
KMODULE	110	0x2006e	0xc000b58c	-	x7_kmodule_110	
KMODULE	111	0x2006f	0xc000b58c	-	x7_kmodule_111	
KMODULE	112	0x20070	0xc000b58c	-	x7_kmodule_112	
